Nome;gols;;Vitórias;Empate;Derrotas;Participação;Aproveitamento;Gols/Jogo;;Pontuação
Tadeu;56;;23;6;15;44;56,82%;1,3;;75
Andre R;83;;20;6;11;37;59,46%;2,2;;66
Danilo;83;;19;7;19;45;47,41%;1,8;;64
Fil;20;;18;7;19;44;46,21%;0,5;;61
Guto;42;;19;2;10;31;63,44%;1,4;;59
Victor Andre;47;;18;4;9;31;62,37%;1,5;;58
Ed;11;;17;4;12;33;55,56%;0,3;;55
Natal;50;;15;7;20;42;41,27%;1,2;;52
JP;30;;15;7;24;46;37,68%;0,7;;52
Gualberto;39;;14;6;21;41;39,02%;1,0;;48
Vitor;9;;13;5;19;37;39,64%;0,2;;44
Dico;12;;12;4;10;26;51,28%;0,5;;40
Marcelinho;9;;10;2;9;21;50,79%;0,4;;32
Thiagao;3;;8;4;14;26;35,90%;0,1;;28
Bill;1;;8;2;9;19;45,61%;0,1;;26
Heizer;2;;7;4;8;19;43,86%;0,1;;25
Poeys;24;;7;2;3;12;63,89%;2,0;;23
Gustavo;20;;7;0;5;12;58,33%;1,7;;21
Hugo;12;;5;3;7;15;40,00%;0,8;;18
Gian;1;;5;1;1;7;76,19%;0,1;;16
Caioba;6;;4;1;4;9;48,15%;0,7;;13
Cadeirudo;12;;3;3;0;6;66,67%;2,0;;12
Jorge;3;;3;2;1;6;61,11%;0,5;;11
Guilherme ;4;;3;1;1;5;66,67%;0,8;;10
Cafuba;7;;3;0;2;5;60,00%;1,4;;9
Cadinho;8;;2;0;5;7;28,57%;1,1;;6